Customer_ID,Total_Spending,Purchase_Frequency,Avg_Discount,Total_Quantity,Cluster,Customer_Segment
CUST001,150.0,1,0.0,3,2,Low Engagement Customers
CUST002,1000.0,1,0.0,2,2,Low Engagement Customers
CUST003,6522.5,4,6.25,12,1,Premium Customers
CUST004,500.0,1,0.0,1,2,Low Engagement Customers
CUST005,700.0,2,0.0,4,2,Low Engagement Customers
CUST006,930.0,2,0.0,4,2,Low Engagement Customers
CUST007,1350.0,4,0.0,13,3,Regular Customers
CUST008,1100.0,2,0.0,5,2,Low Engagement Customers
CUST009,900.0,2,0.0,5,2,Low Engagement Customers
CUST010,1030.0,4,11.25,10,3,Regular Customers
CUST011,3500.0,3,0.0,6,3,Regular Customers
CUST012,375.0,2,0.0,4,2,Low Engagement Customers
CUST013,1125.0,1,25.0,3,0,Discount Hunters
CUST014,2120.0,2,0.0,8,3,Regular Customers
CUST015,3900.0,3,6.666666666666667,9,1,Premium Customers
CUST016,3600.0,2,0.0,6,3,Regular Customers
CUST017,500.0,2,0.0,6,2,Low Engagement Customers
CUST018,50.0,1,0.0,2,2,Low Engagement Customers
CUST019,2150.0,2,0.0,5,2,Low Engagement Customers
CUST020,4180.0,2,9.0,7,3,Regular Customers
CUST021,500.0,1,0.0,1,2,Low Engagement Customers
CUST022,100.0,1,0.0,2,2,Low Engagement Customers
CUST023,96.0,1,20.0,4,0,Discount Hunters
CUST024,300.0,1,0.0,1,2,Low Engagement Customers
CUST025,50.0,1,0.0,1,2,Low Engagement Customers
CUST026,1337.5,2,12.5,5,0,Discount Hunters
CUST027,518.0,2,11.0,4,0,Discount Hunters
CUST028,2000.0,2,0.0,4,2,Low Engagement Customers
CUST029,1605.0,4,6.25,10,3,Regular Customers
CUST030,900.0,1,0.0,3,2,Low Engagement Customers
CUST031,2200.0,2,0.0,5,2,Low Engagement Customers
CUST032,4090.0,2,0.0,7,3,Regular Customers
CUST033,185.0,2,7.5,3,2,Low Engagement Customers
CUST034,150.0,1,0.0,3,2,Low Engagement Customers
CUST035,5410.0,4,2.5,13,1,Premium Customers
CUST036,2900.0,2,0.0,5,3,Regular Customers
CUST037,435.0,3,0.0,6,3,Regular Customers
CUST038,191.0,2,21.5,5,0,Discount Hunters
CUST039,2320.0,3,0.0,9,3,Regular Customers
CUST040,150.0,2,0.0,2,2,Low Engagement Customers
CUST041,162.5,2,12.5,5,0,Discount Hunters
CUST042,1510.0,3,3.3333333333333335,8,3,Regular Customers
CUST043,450.0,2,0.0,2,2,Low Engagement Customers
CUST044,393.75,2,25.0,2,0,Discount Hunters
CUST045,1486.0,3,6.0,9,3,Regular Customers
CUST046,1250.0,2,0.0,5,2,Low Engagement Customers
CUST047,1500.0,1,0.0,3,2,Low Engagement Customers
CUST048,2675.0,2,12.5,5,0,Discount Hunters
CUST049,1000.0,1,0.0,2,2,Low Engagement Customers
CUST050,2167.5,2,5.0,6,3,Regular Customers
CUST051,2075.0,2,0.0,7,3,Regular Customers
CUST052,300.0,1,0.0,1,2,Low Engagement Customers
CUST053,3475.0,3,8.333333333333334,7,3,Regular Customers
CUST054,2900.0,3,0.0,7,3,Regular Customers
CUST055,90.0,1,25.0,4,0,Discount Hunters
CUST056,675.0,1,25.0,3,0,Discount Hunters
CUST057,530.0,2,0.0,2,2,Low Engagement Customers
CUST058,3950.0,4,12.5,13,1,Premium Customers
CUST059,250.0,2,0.0,5,2,Low Engagement Customers
CUST060,250.0,2,0.0,4,2,Low Engagement Customers
CUST061,900.0,2,0.0,5,2,Low Engagement Customers
CUST062,4000.0,4,10.5,9,1,Premium Customers
CUST063,140.0,2,0.0,5,2,Low Engagement Customers
CUST064,575.0,2,12.5,5,0,Discount Hunters
CUST065,4140.0,2,16.0,7,0,Discount Hunters
CUST066,2798.0,4,9.0,11,1,Premium Customers
CUST067,4400.0,4,5.0,12,1,Premium Customers
CUST068,1455.0,2,7.5,5,0,Discount Hunters
CUST069,695.0,3,0.0,8,3,Regular Customers
CUST070,1940.0,2,9.0,3,0,Discount Hunters
CUST071,960.0,3,0.0,10,3,Regular Customers
CUST072,2700.0,2,2.5,8,3,Regular Customers
CUST073,90.0,1,0.0,3,2,Low Engagement Customers
CUST074,2100.0,2,0.0,5,2,Low Engagement Customers
CUST075,2300.0,2,0.0,7,3,Regular Customers
CUST076,1900.0,3,0.0,9,3,Regular Customers
CUST077,700.0,2,0.0,6,2,Low Engagement Customers
CUST078,1637.5,3,16.666666666666668,8,0,Discount Hunters
CUST079,4593.6,4,5.5,11,1,Premium Customers
CUST080,1224.0,3,6.0,7,3,Regular Customers
CUST081,50.0,1,0.0,1,2,Low Engagement Customers
CUST082,380.0,2,5.0,8,3,Regular Customers
CUST083,1775.0,3,8.333333333333334,7,3,Regular Customers
CUST084,1067.5,2,12.5,4,0,Discount Hunters
CUST085,2000.0,5,0.0,9,3,Regular Customers
CUST086,190.0,2,0.0,4,2,Low Engagement Customers
CUST087,100.0,1,0.0,2,2,Low Engagement Customers
CUST088,500.0,1,0.0,1,2,Low Engagement Customers
CUST089,3350.0,3,0.0,11,1,Premium Customers
CUST090,24.0,1,20.0,1,0,Discount Hunters
CUST091,1645.0,5,5.0,11,1,Premium Customers
CUST092,1520.0,3,0.0,12,3,Regular Customers
CUST093,2700.0,3,0.0,7,3,Regular Customers
CUST094,1000.0,1,0.0,2,2,Low Engagement Customers
CUST095,1660.0,4,0.0,9,3,Regular Customers
CUST096,6710.0,4,3.75,12,1,Premium Customers
CUST097,850.0,1,15.0,2,0,Discount Hunters
CUST098,260.0,2,10.0,6,0,Discount Hunters
CUST099,1200.0,1,0.0,4,2,Low Engagement Customers
CUST100,330.0,2,0.0,3,2,Low Engagement Customers
CUST1000,1020.0,3,0.0,9,3,Regular Customers
CUST101,1795.0,4,12.5,11,3,Regular Customers
CUST102,4350.0,4,0.0,10,1,Premium Customers
CUST103,325.0,2,0.0,4,2,Low Engagement Customers
CUST104,850.0,1,15.0,2,0,Discount Hunters
CUST105,2206.0,4,5.5,9,3,Regular Customers
CUST106,2850.0,2,0.0,5,3,Regular Customers
CUST107,1450.0,3,0.0,7,3,Regular Customers
CUST108,3060.0,2,10.0,6,3,Regular Customers
CUST109,5042.0,4,15.5,12,1,Premium Customers
CUST110,2700.0,3,0.0,9,3,Regular Customers
CUST111,1500.0,1,0.0,3,2,Low Engagement Customers
CUST112,1500.0,1,0.0,3,2,Low Engagement Customers
CUST113,250.0,2,0.0,6,2,Low Engagement Customers
CUST114,1900.0,3,0.0,8,3,Regular Customers
CUST115,1900.0,2,0.0,5,2,Low Engagement Customers
CUST116,4030.0,2,0.0,5,3,Regular Customers
CUST117,1120.0,2,0.0,6,2,Low Engagement Customers
CUST118,2000.0,1,0.0,4,2,Low Engagement Customers
CUST119,1896.0,3,20.0,10,0,Discount Hunters
CUST120,950.0,2,0.0,4,2,Low Engagement Customers
CUST121,1700.0,2,12.5,6,0,Discount Hunters
CUST122,1020.0,2,0.0,7,3,Regular Customers
CUST123,1068.0,4,5.0,9,3,Regular Customers
CUST124,4800.0,5,0.0,15,1,Premium Customers
CUST125,675.0,2,12.5,4,0,Discount Hunters
CUST126,1240.0,3,0.0,8,3,Regular Customers
CUST127,1500.0,4,6.25,6,3,Regular Customers
CUST128,500.0,1,0.0,1,2,Low Engagement Customers
CUST129,600.0,1,0.0,2,2,Low Engagement Customers
CUST130,3375.0,3,8.333333333333334,6,3,Regular Customers
CUST131,800.0,2,0.0,4,2,Low Engagement Customers
CUST132,200.0,1,0.0,4,2,Low Engagement Customers
CUST133,2300.0,4,0.0,9,3,Regular Customers
CUST134,50.0,1,0.0,1,2,Low Engagement Customers
CUST135,50.0,1,0.0,2,2,Low Engagement Customers
CUST136,600.0,1,0.0,2,2,Low Engagement Customers
CUST137,1000.0,1,0.0,2,2,Low Engagement Customers
CUST138,1400.0,3,0.0,9,3,Regular Customers
CUST139,2100.0,2,0.0,5,2,Low Engagement Customers
CUST140,730.0,3,0.0,8,3,Regular Customers
CUST141,145.0,2,5.0,2,2,Low Engagement Customers
CUST142,1230.0,2,2.5,7,3,Regular Customers
CUST143,470.0,3,0.0,8,3,Regular Customers
CUST144,6700.0,4,0.0,12,1,Premium Customers
CUST145,645.0,3,0.0,10,3,Regular Customers
CUST146,250.0,2,12.5,5,0,Discount Hunters
CUST147,255.0,1,15.0,1,0,Discount Hunters
CUST148,460.0,2,10.0,3,0,Discount Hunters
CUST149,75.0,1,0.0,3,2,Low Engagement Customers
CUST150,120.0,1,0.0,4,2,Low Engagement Customers
CUST151,1100.0,3,0.0,3,2,Low Engagement Customers
CUST152,1600.0,2,12.5,6,0,Discount Hunters
CUST153,5000.0,2,0.0,6,3,Regular Customers
CUST154,1175.0,2,12.5,4,0,Discount Hunters
CUST155,1500.0,1,25.0,4,0,Discount Hunters
CUST156,100.0,1,0.0,4,2,Low Engagement Customers
CUST157,2300.0,2,0.0,6,3,Regular Customers
CUST158,2500.0,3,6.666666666666667,7,3,Regular Customers
CUST159,200.0,1,0.0,4,2,Low Engagement Customers
CUST160,160.0,2,0.0,4,2,Low Engagement Customers
CUST161,750.0,1,25.0,2,0,Discount Hunters
CUST162,48.0,1,20.0,2,0,Discount Hunters
CUST163,700.0,3,0.0,8,3,Regular Customers
CUST164,5500.0,2,0.0,7,1,Premium Customers
CUST165,900.0,1,25.0,4,0,Discount Hunters
CUST166,2950.0,3,0.0,8,3,Regular Customers
CUST167,150.0,1,0.0,3,2,Low Engagement Customers
CUST168,700.0,2,0.0,5,2,Low Engagement Customers
CUST169,1542.0,3,15.666666666666666,5,0,Discount Hunters
CUST170,50.0,1,0.0,2,2,Low Engagement Customers
CUST171,1175.0,2,12.5,4,0,Discount Hunters
CUST172,1170.0,3,0.0,8,3,Regular Customers
CUST173,2720.0,3,0.0,10,3,Regular Customers
CUST174,2150.0,4,0.0,10,3,Regular Customers
CUST175,100.0,1,0.0,4,2,Low Engagement Customers
CUST176,167.5,2,12.5,5,0,Discount Hunters
CUST177,275.0,2,12.5,3,0,Discount Hunters
CUST178,60.0,1,0.0,2,2,Low Engagement Customers
CUST179,775.0,3,8.333333333333334,4,0,Discount Hunters
CUST180,900.0,1,0.0,3,2,Low Engagement Customers
CUST181,2300.0,4,0.0,12,1,Premium Customers
CUST182,180.0,2,12.5,7,0,Discount Hunters
CUST183,900.0,1,0.0,3,2,Low Engagement Customers
CUST184,440.0,2,10.0,7,0,Discount Hunters
CUST185,25.0,1,0.0,1,2,Low Engagement Customers
CUST186,400.0,2,0.0,6,2,Low Engagement Customers
CUST187,2550.0,4,0.0,8,3,Regular Customers
CUST188,1200.0,2,12.5,6,0,Discount Hunters
CUST189,650.0,2,0.0,5,2,Low Engagement Customers
CUST190,150.0,2,0.0,5,2,Low Engagement Customers
CUST191,4025.0,2,0.0,5,3,Regular Customers
CUST192,1095.0,3,1.6666666666666667,8,3,Regular Customers
CUST193,1500.0,1,0.0,3,2,Low Engagement Customers
CUST194,810.0,3,6.666666666666667,8,3,Regular Customers
CUST195,330.0,2,0.0,4,2,Low Engagement Customers
CUST196,3140.0,2,10.0,7,3,Regular Customers
CUST197,350.0,2,0.0,5,2,Low Engagement Customers
CUST198,4987.0,3,15.666666666666666,11,1,Premium Customers
CUST199,1623.0,2,9.0,6,0,Discount Hunters
CUST200,1435.0,3,3.3333333333333335,8,3,Regular Customers
CUST201,3259.0,3,7.333333333333333,7,3,Regular Customers
CUST202,2600.0,2,0.0,6,3,Regular Customers
CUST203,2375.0,3,8.333333333333334,6,3,Regular Customers
CUST204,75.0,2,0.0,2,2,Low Engagement Customers
CUST205,25.0,1,0.0,1,2,Low Engagement Customers
CUST206,2425.0,3,0.0,7,3,Regular Customers
CUST207,750.0,2,0.0,3,2,Low Engagement Customers
CUST208,150.0,1,25.0,4,0,Discount Hunters
CUST209,396.0,2,21.5,6,0,Discount Hunters
CUST210,210.0,2,12.5,6,0,Discount Hunters
CUST211,1890.0,2,11.0,4,0,Discount Hunters
CUST212,3450.0,3,0.0,9,3,Regular Customers
CUST213,4000.0,4,0.0,10,1,Premium Customers
CUST214,60.0,1,0.0,2,2,Low Engagement Customers
CUST215,2600.0,3,0.0,6,3,Regular Customers
CUST216,675.0,2,12.5,4,0,Discount Hunters
CUST217,190.0,1,5.0,4,2,Low Engagement Customers
CUST218,2050.5,4,13.25,11,3,Regular Customers
CUST219,486.0,3,6.0,5,3,Regular Customers
CUST220,5700.0,3,0.0,9,1,Premium Customers
CUST221,600.0,2,5.0,4,2,Low Engagement Customers
CUST222,120.0,1,0.0,4,2,Low Engagement Customers
CUST223,25.0,1,0.0,1,2,Low Engagement Customers
CUST224,372.5,3,8.333333333333334,3,0,Discount Hunters
CUST225,2700.0,3,8.333333333333334,10,3,Regular Customers
CUST226,2250.0,3,0.0,6,3,Regular Customers
CUST227,100.0,1,0.0,2,2,Low Engagement Customers
CUST228,845.0,2,22.5,3,0,Discount Hunters
CUST229,6120.0,5,12.0,13,1,Premium Customers
CUST230,925.0,2,0.0,4,2,Low Engagement Customers
CUST231,282.0,3,6.0,5,3,Regular Customers
CUST232,2125.0,2,0.0,4,2,Low Engagement Customers
CUST233,600.0,1,0.0,2,2,Low Engagement Customers
CUST234,40.0,1,20.0,2,0,Discount Hunters
CUST235,1000.0,1,0.0,2,2,Low Engagement Customers
CUST236,475.0,2,12.5,5,0,Discount Hunters
CUST237,2600.0,3,0.0,7,3,Regular Customers
CUST238,675.0,2,12.5,4,0,Discount Hunters
CUST239,4200.0,4,0.0,13,1,Premium Customers
CUST240,2292.0,3,6.0,7,3,Regular Customers
CUST241,75.0,1,0.0,3,2,Low Engagement Customers
CUST242,475.0,2,12.5,3,0,Discount Hunters
CUST243,990.0,2,0.0,6,2,Low Engagement Customers
CUST244,1100.0,2,0.0,4,2,Low Engagement Customers
CUST245,2467.5,3,8.333333333333334,9,3,Regular Customers
CUST246,850.0,2,0.0,6,2,Low Engagement Customers
CUST247,460.0,2,0.0,4,2,Low Engagement Customers
CUST248,2070.0,2,11.0,6,0,Discount Hunters
CUST249,500.0,2,0.0,4,2,Low Engagement Customers
CUST250,1750.0,3,0.0,6,3,Regular Customers
CUST251,200.0,1,0.0,4,2,Low Engagement Customers
CUST252,1730.0,3,0.0,4,3,Regular Customers
CUST253,2100.0,2,0.0,5,2,Low Engagement Customers
CUST254,500.0,1,0.0,1,2,Low Engagement Customers
CUST255,663.8,5,3.6,11,3,Regular Customers
CUST256,1850.0,3,16.666666666666668,10,3,Regular Customers
CUST257,2900.0,2,0.0,7,3,Regular Customers
CUST258,642.5,2,7.5,3,2,Low Engagement Customers
CUST259,1600.0,4,0.0,8,3,Regular Customers
CUST260,60.0,1,0.0,2,2,Low Engagement Customers
CUST261,3150.0,3,0.0,6,3,Regular Customers
CUST262,190.0,2,12.5,6,0,Discount Hunters
CUST263,404.0,3,3.3333333333333335,9,3,Regular Customers
CUST264,3475.0,2,12.5,7,3,Regular Customers
CUST265,1800.0,2,0.0,6,3,Regular Customers
CUST266,2145.0,4,6.25,7,3,Regular Customers
CUST267,240.0,2,0.0,6,2,Low Engagement Customers
CUST268,1692.5,3,15.666666666666666,5,0,Discount Hunters
CUST269,1500.0,1,25.0,4,0,Discount Hunters
CUST270,240.0,1,20.0,1,0,Discount Hunters
CUST271,120.0,1,0.0,4,2,Low Engagement Customers
CUST272,300.0,2,0.0,6,2,Low Engagement Customers
CUST273,50.0,1,0.0,1,2,Low Engagement Customers
CUST274,2650.0,4,3.75,12,1,Premium Customers
CUST275,1000.0,1,0.0,2,2,Low Engagement Customers
CUST276,100.0,1,0.0,4,2,Low Engagement Customers
CUST277,100.0,1,0.0,4,2,Low Engagement Customers
CUST278,100.0,1,0.0,4,2,Low Engagement Customers
CUST279,900.0,2,0.0,3,2,Low Engagement Customers
CUST280,6000.0,3,0.0,9,1,Premium Customers
CUST281,6070.0,4,11.75,13,1,Premium Customers
CUST282,200.0,1,0.0,4,2,Low Engagement Customers
CUST283,2500.0,2,0.0,5,3,Regular Customers
CUST284,190.0,2,10.0,5,0,Discount Hunters
CUST285,23.75,1,5.0,1,2,Low Engagement Customers
CUST286,200.0,2,12.5,4,0,Discount Hunters
CUST287,3085.0,2,7.5,7,3,Regular Customers
CUST288,120.0,1,0.0,4,2,Low Engagement Customers
CUST289,60.0,1,0.0,2,2,Low Engagement Customers
CUST290,600.0,1,0.0,2,2,Low Engagement Customers
CUST291,900.0,2,0.0,4,2,Low Engagement Customers
CUST292,1607.0,4,11.75,9,3,Regular Customers
CUST293,567.5,2,12.5,4,0,Discount Hunters
CUST294,3090.0,3,0.0,7,3,Regular Customers
CUST295,900.0,1,0.0,3,2,Low Engagement Customers
CUST296,950.0,2,12.5,5,0,Discount Hunters
CUST297,5764.0,5,3.6,14,1,Premium Customers
CUST298,2020.0,2,9.0,5,0,Discount Hunters
CUST299,1000.0,1,0.0,2,2,Low Engagement Customers
CUST300,364.0,2,9.0,6,0,Discount Hunters
CUST301,120.0,1,0.0,4,2,Low Engagement Customers
CUST302,600.0,1,0.0,2,2,Low Engagement Customers
CUST303,90.0,1,0.0,3,2,Low Engagement Customers
CUST304,1060.0,2,0.0,3,2,Low Engagement Customers
CUST305,750.0,2,10.0,4,0,Discount Hunters
CUST306,450.0,2,0.0,5,2,Low Engagement Customers
CUST307,1037.5,2,12.5,4,0,Discount Hunters
CUST308,1600.0,2,0.0,6,3,Regular Customers
CUST309,623.75,3,1.6666666666666667,9,3,Regular Customers
CUST310,2118.75,2,25.0,5,0,Discount Hunters
CUST311,2625.0,3,8.333333333333334,9,3,Regular Customers
CUST312,1252.0,4,4.5,9,3,Regular Customers
CUST313,8222.0,5,3.6,16,1,Premium Customers
CUST314,1070.0,3,9.0,12,3,Regular Customers
CUST315,4960.0,3,0.0,9,1,Premium Customers
CUST316,50.0,1,0.0,2,2,Low Engagement Customers
CUST317,690.0,2,0.0,6,2,Low Engagement Customers
CUST318,1025.0,2,0.0,3,2,Low Engagement Customers
CUST319,2100.0,3,0.0,6,3,Regular Customers
CUST320,1570.0,3,6.666666666666667,7,3,Regular Customers
CUST321,750.0,2,0.0,3,2,Low Engagement Customers
CUST322,375.0,1,25.0,1,0,Discount Hunters
CUST323,2500.0,2,10.0,7,3,Regular Customers
CUST324,1200.0,4,0.0,8,3,Regular Customers
CUST325,150.0,2,0.0,3,2,Low Engagement Customers
CUST326,75.0,1,0.0,3,2,Low Engagement Customers
CUST327,750.0,2,0.0,5,2,Low Engagement Customers
CUST328,4220.0,3,0.0,10,1,Premium Customers
CUST329,375.0,2,12.5,5,0,Discount Hunters
CUST330,200.0,1,0.0,4,2,Low Engagement Customers
CUST331,90.0,1,0.0,3,2,Low Engagement Customers
CUST332,1200.0,1,0.0,4,2,Low Engagement Customers
CUST333,2840.0,2,9.0,8,3,Regular Customers
CUST334,900.0,1,0.0,3,2,Low Engagement Customers
CUST335,3350.0,3,6.0,9,3,Regular Customers
CUST336,2685.0,3,14.333333333333334,8,3,Regular Customers
CUST337,1100.0,3,0.0,5,3,Regular Customers
CUST338,4000.0,4,0.0,9,1,Premium Customers
CUST339,284.0,2,11.0,4,0,Discount Hunters
CUST340,1510.0,3,6.666666666666667,8,3,Regular Customers
CUST341,5250.0,3,8.333333333333334,10,1,Premium Customers
CUST342,1600.0,1,20.0,4,0,Discount Hunters
CUST343,50.0,1,0.0,2,2,Low Engagement Customers
CUST344,822.5,2,12.5,5,0,Discount Hunters
CUST345,30.0,1,0.0,1,2,Low Engagement Customers
CUST346,2050.0,3,0.0,5,3,Regular Customers
CUST347,4665.0,3,6.0,8,1,Premium Customers
CUST348,2450.0,2,12.5,4,0,Discount Hunters
CUST349,50.0,1,0.0,1,2,Low Engagement Customers
CUST350,2293.25,3,7.666666666666667,7,3,Regular Customers
CUST351,330.0,2,10.0,6,0,Discount Hunters
CUST352,1780.0,2,11.0,4,0,Discount Hunters
CUST353,2000.0,2,0.0,4,2,Low Engagement Customers
CUST354,744.0,2,16.5,5,0,Discount Hunters
CUST355,3000.0,4,0.0,7,3,Regular Customers
CUST356,1550.0,2,0.0,4,2,Low Engagement Customers
CUST357,60.0,1,20.0,3,0,Discount Hunters
CUST358,656.0,3,7.333333333333333,7,3,Regular Customers
CUST359,1574.6,3,6.0,5,3,Regular Customers
CUST360,1550.0,3,8.333333333333334,7,3,Regular Customers
CUST361,5174.0,4,4.5,11,1,Premium Customers
CUST362,4265.0,3,6.666666666666667,8,1,Premium Customers
CUST363,25.0,1,0.0,1,2,Low Engagement Customers
CUST364,1100.0,2,12.5,5,0,Discount Hunters
CUST365,300.0,1,0.0,1,2,Low Engagement Customers
CUST366,212.5,2,12.5,3,0,Discount Hunters
CUST367,395.5,3,14.333333333333334,6,0,Discount Hunters
CUST368,2800.0,3,0.0,8,3,Regular Customers
CUST369,4125.0,2,12.5,6,3,Regular Customers
CUST370,60.0,1,0.0,2,2,Low Engagement Customers
CUST371,1725.0,3,0.0,3,3,Regular Customers
CUST372,1500.0,1,0.0,3,2,Low Engagement Customers
CUST373,750.0,2,0.0,5,2,Low Engagement Customers
CUST374,1675.0,2,10.0,5,0,Discount Hunters
CUST375,50.0,1,0.0,1,2,Low Engagement Customers
CUST376,430.0,2,0.0,5,2,Low Engagement Customers
CUST377,200.0,1,0.0,4,2,Low Engagement Customers
CUST378,1460.0,3,6.666666666666667,3,3,Regular Customers
CUST379,1645.0,3,0.0,8,3,Regular Customers
CUST380,600.0,1,0.0,2,2,Low Engagement Customers
CUST381,100.0,1,0.0,4,2,Low Engagement Customers
CUST382,1000.0,1,0.0,2,2,Low Engagement Customers
CUST383,90.0,1,0.0,3,2,Low Engagement Customers
CUST384,6375.0,3,8.333333333333334,7,1,Premium Customers
CUST385,1500.0,1,0.0,3,2,Low Engagement Customers
CUST386,2600.0,2,0.0,4,2,Low Engagement Customers
CUST387,665.0,3,15.0,3,0,Discount Hunters
CUST388,25.0,1,0.0,1,2,Low Engagement Customers
CUST389,950.0,2,12.5,6,0,Discount Hunters
CUST390,625.0,4,10.0,11,3,Regular Customers
CUST391,2060.0,3,15.666666666666666,10,3,Regular Customers
CUST392,610.0,2,22.5,6,0,Discount Hunters
CUST393,1320.0,3,13.333333333333334,6,0,Discount Hunters
CUST394,1450.0,2,5.0,2,2,Low Engagement Customers
CUST395,1300.0,3,6.666666666666667,5,3,Regular Customers
CUST396,322.5,2,12.5,4,0,Discount Hunters
CUST397,271.0,2,9.0,2,0,Discount Hunters
CUST398,3400.0,2,0.0,6,3,Regular Customers
CUST399,1310.0,3,0.0,7,3,Regular Customers
CUST400,280.0,2,10.0,8,0,Discount Hunters
CUST401,300.0,1,0.0,1,2,Low Engagement Customers
CUST402,510.0,1,15.0,2,0,Discount Hunters
CUST403,600.0,1,0.0,2,2,Low Engagement Customers
CUST404,750.0,1,25.0,2,0,Discount Hunters
CUST405,1140.0,1,5.0,4,2,Low Engagement Customers
CUST406,190.0,2,0.0,7,2,Low Engagement Customers
CUST407,900.0,1,0.0,3,2,Low Engagement Customers
CUST408,1000.0,2,0.0,2,2,Low Engagement Customers
CUST409,960.0,2,0.0,5,2,Low Engagement Customers
CUST410,577.0,3,14.0,8,0,Discount Hunters
CUST411,2200.0,2,0.0,6,3,Regular Customers
CUST412,3400.0,2,0.0,6,3,Regular Customers
CUST413,1032.0,3,13.333333333333334,9,3,Regular Customers
CUST414,100.0,1,0.0,4,2,Low Engagement Customers
CUST415,852.0,3,14.0,8,0,Discount Hunters
CUST416,2000.0,1,0.0,4,2,Low Engagement Customers
CUST417,4810.0,2,5.0,7,3,Regular Customers
CUST418,1120.0,2,0.0,6,2,Low Engagement Customers
CUST419,90.0,1,0.0,3,2,Low Engagement Customers
CUST420,3400.0,3,0.0,6,3,Regular Customers
CUST421,3840.0,2,11.0,6,3,Regular Customers
CUST422,2251.5,2,23.5,7,0,Discount Hunters
CUST423,25.0,1,0.0,1,2,Low Engagement Customers
CUST424,7360.0,5,5.4,15,1,Premium Customers
CUST425,520.0,2,0.0,8,3,Regular Customers
CUST426,150.0,1,0.0,3,2,Low Engagement Customers
CUST427,25.0,1,0.0,1,2,Low Engagement Customers
CUST428,300.0,2,0.0,5,2,Low Engagement Customers
CUST429,450.0,2,0.0,6,2,Low Engagement Customers
CUST430,4182.0,4,4.5,9,1,Premium Customers
CUST431,1392.0,2,21.5,8,0,Discount Hunters
CUST432,1112.5,2,12.5,3,0,Discount Hunters
CUST433,200.0,1,0.0,4,2,Low Engagement Customers
CUST434,596.0,3,6.0,6,3,Regular Customers
CUST435,2575.0,3,15.0,6,0,Discount Hunters
CUST436,390.0,3,8.333333333333334,7,3,Regular Customers
CUST437,1200.0,1,0.0,4,2,Low Engagement Customers
CUST438,2330.0,3,0.0,6,3,Regular Customers
CUST439,275.0,2,0.0,5,2,Low Engagement Customers
CUST440,1700.0,4,0.0,7,3,Regular Customers
CUST441,1200.0,2,25.0,6,0,Discount Hunters
CUST442,785.0,2,7.5,5,0,Discount Hunters
CUST443,3650.0,3,8.333333333333334,6,3,Regular Customers
CUST444,1390.0,3,0.0,8,3,Regular Customers
CUST445,1215.0,2,17.5,5,0,Discount Hunters
CUST446,50.0,1,0.0,1,2,Low Engagement Customers
CUST447,2000.0,1,0.0,4,2,Low Engagement Customers
CUST448,60.0,1,0.0,2,2,Low Engagement Customers
CUST449,1700.0,2,0.0,7,3,Regular Customers
CUST450,500.0,2,0.0,5,2,Low Engagement Customers
CUST451,30.0,1,0.0,1,2,Low Engagement Customers
CUST452,3000.0,3,0.0,6,3,Regular Customers
CUST453,1525.0,2,12.5,3,0,Discount Hunters
CUST454,18.75,1,25.0,1,0,Discount Hunters
CUST455,1096.0,3,14.333333333333334,7,0,Discount Hunters
CUST456,60.0,1,0.0,2,2,Low Engagement Customers
CUST457,900.0,1,0.0,3,2,Low Engagement Customers
CUST458,2282.0,3,6.0,8,3,Regular Customers
CUST459,2900.0,2,12.5,8,3,Regular Customers
CUST460,1050.0,2,0.0,2,2,Low Engagement Customers
CUST461,1217.5,4,12.5,10,3,Regular Customers
CUST462,2660.0,3,6.666666666666667,9,3,Regular Customers
CUST463,1650.0,2,0.0,6,3,Regular Customers
CUST464,4440.0,4,4.5,10,1,Premium Customers
CUST465,850.0,2,0.0,4,2,Low Engagement Customers
CUST466,550.0,2,0.0,7,2,Low Engagement Customers
CUST467,3270.0,3,6.666666666666667,9,3,Regular Customers
CUST468,325.0,2,12.5,5,0,Discount Hunters
CUST469,1795.0,4,0.0,11,3,Regular Customers
CUST470,6200.0,3,0.0,10,1,Premium Customers
CUST471,645.0,3,8.333333333333334,8,3,Regular Customers
CUST472,900.0,1,0.0,3,2,Low Engagement Customers
CUST473,337.5,2,12.5,2,0,Discount Hunters
CUST474,4600.0,3,6.666666666666667,10,1,Premium Customers
CUST475,2875.0,2,0.0,7,3,Regular Customers
CUST476,4150.0,3,0.0,11,1,Premium Customers
CUST477,2808.0,3,3.3333333333333335,11,3,Regular Customers
CUST478,1060.0,2,0.0,3,2,Low Engagement Customers
CUST479,3600.0,3,0.0,8,3,Regular Customers
CUST480,2900.0,2,0.0,7,3,Regular Customers
CUST481,2400.0,2,0.0,8,3,Regular Customers
CUST482,1632.0,3,7.333333333333333,12,3,Regular Customers
CUST483,2280.0,2,12.5,4,0,Discount Hunters
CUST484,7825.0,5,5.0,17,1,Premium Customers
CUST485,2230.0,3,0.0,5,3,Regular Customers
CUST486,25.0,1,0.0,1,2,Low Engagement Customers
CUST487,2480.0,2,10.0,7,3,Regular Customers
CUST488,2900.0,2,0.0,5,3,Regular Customers
CUST489,2022.5,2,12.5,3,0,Discount Hunters
CUST490,150.0,1,0.0,3,2,Low Engagement Customers
CUST491,900.0,1,0.0,3,2,Low Engagement Customers
CUST492,75.0,1,25.0,4,0,Discount Hunters
CUST493,162.5,2,12.5,3,0,Discount Hunters
CUST494,200.0,1,0.0,4,2,Low Engagement Customers
CUST495,60.0,1,0.0,2,2,Low Engagement Customers
CUST496,900.0,2,0.0,3,2,Low Engagement Customers
CUST497,120.0,1,0.0,4,2,Low Engagement Customers
CUST498,3434.0,4,10.5,14,1,Premium Customers
CUST499,60.0,1,0.0,2,2,Low Engagement Customers
CUST500,850.0,3,0.0,9,3,Regular Customers
CUST501,2460.0,3,0.0,10,3,Regular Customers
CUST502,200.0,2,0.0,4,2,Low Engagement Customers
CUST503,1530.0,2,12.5,5,0,Discount Hunters
CUST504,1048.5,2,23.5,7,0,Discount Hunters
CUST505,4250.0,3,0.0,7,3,Regular Customers
CUST506,1450.0,2,5.0,5,2,Low Engagement Customers
CUST507,1500.0,1,0.0,3,2,Low Engagement Customers
CUST508,993.6,3,7.333333333333333,7,3,Regular Customers
CUST509,1900.0,2,0.0,5,2,Low Engagement Customers
CUST510,1746.0,4,4.5,11,3,Regular Customers
CUST511,780.0,2,10.0,3,0,Discount Hunters
CUST512,3650.0,4,6.25,9,1,Premium Customers
CUST513,700.0,3,0.0,8,3,Regular Customers
CUST514,3693.0,4,9.5,8,1,Premium Customers
CUST515,720.0,1,20.0,3,0,Discount Hunters
CUST516,100.0,1,0.0,4,2,Low Engagement Customers
CUST517,1700.0,3,0.0,8,3,Regular Customers
CUST518,1530.0,3,0.0,5,3,Regular Customers
CUST519,3202.0,3,15.666666666666666,10,3,Regular Customers
CUST520,2375.0,5,10.0,12,1,Premium Customers
CUST521,1456.0,3,7.333333333333333,12,3,Regular Customers
CUST522,4500.0,2,0.0,6,3,Regular Customers
CUST523,598.0,2,14.0,5,0,Discount Hunters
CUST524,1296.0,2,10.0,8,3,Regular Customers
CUST525,3919.0,5,3.6,12,1,Premium Customers
CUST526,100.0,1,0.0,2,2,Low Engagement Customers
CUST527,2050.0,2,0.0,4,2,Low Engagement Customers
CUST528,2060.0,2,0.0,6,3,Regular Customers
CUST529,2650.0,3,0.0,7,3,Regular Customers
CUST530,1620.0,2,0.0,7,3,Regular Customers
CUST531,800.0,2,0.0,2,2,Low Engagement Customers
CUST532,120.0,2,12.5,5,0,Discount Hunters
CUST533,2060.0,2,10.0,4,0,Discount Hunters
CUST534,800.0,1,20.0,2,0,Discount Hunters
CUST535,1090.0,2,0.0,4,2,Low Engagement Customers
CUST536,720.0,3,0.0,9,3,Regular Customers
CUST537,375.0,1,25.0,1,0,Discount Hunters
CUST538,142.5,1,5.0,3,2,Low Engagement Customers
CUST539,800.0,2,0.0,4,2,Low Engagement Customers
CUST540,900.0,1,0.0,3,2,Low Engagement Customers
CUST541,500.0,1,0.0,1,2,Low Engagement Customers
CUST542,1050.0,2,0.0,3,2,Low Engagement Customers
CUST543,800.0,3,0.0,5,3,Regular Customers
CUST544,325.0,2,0.0,4,2,Low Engagement Customers
CUST545,450.0,2,0.0,6,2,Low Engagement Customers
CUST546,200.0,1,0.0,4,2,Low Engagement Customers
CUST547,6212.0,5,7.2,13,1,Premium Customers
CUST548,1011.0,4,5.5,11,3,Regular Customers
CUST549,100.0,1,0.0,2,2,Low Engagement Customers
CUST550,900.0,1,0.0,3,2,Low Engagement Customers
CUST551,1056.0,2,11.0,4,0,Discount Hunters
CUST552,1375.0,3,0.0,7,3,Regular Customers
CUST553,1530.0,2,5.0,7,3,Regular Customers
CUST554,550.0,2,0.0,5,2,Low Engagement Customers
CUST555,700.0,2,0.0,3,2,Low Engagement Customers
CUST556,365.5,2,21.5,5,0,Discount Hunters
CUST557,1572.0,2,22.5,5,0,Discount Hunters
CUST558,4325.0,3,0.0,6,3,Regular Customers
CUST559,1400.0,2,0.0,5,2,Low Engagement Customers
CUST560,624.0,2,9.0,2,0,Discount Hunters
CUST561,2000.0,1,0.0,4,2,Low Engagement Customers
CUST562,50.0,1,0.0,2,2,Low Engagement Customers
CUST563,60.0,1,0.0,2,2,Low Engagement Customers
CUST564,1600.0,3,0.0,9,3,Regular Customers
CUST565,1160.0,4,0.0,9,3,Regular Customers
CUST566,1970.0,3,6.0,4,3,Regular Customers
CUST567,1380.0,3,6.666666666666667,8,3,Regular Customers
CUST568,300.0,1,0.0,1,2,Low Engagement Customers
CUST569,200.0,1,0.0,4,2,Low Engagement Customers
CUST570,1000.0,3,0.0,6,3,Regular Customers
CUST571,1250.0,3,6.666666666666667,5,3,Regular Customers
CUST572,2960.0,2,10.0,8,3,Regular Customers
CUST573,2060.0,2,0.0,4,2,Low Engagement Customers
CUST574,50.0,1,0.0,2,2,Low Engagement Customers
CUST575,185.0,2,7.5,3,2,Low Engagement Customers
CUST576,150.0,1,0.0,3,2,Low Engagement Customers
CUST577,3000.0,3,0.0,8,3,Regular Customers
CUST578,520.0,2,0.0,8,3,Regular Customers
CUST579,330.0,2,0.0,3,2,Low Engagement Customers
CUST580,3600.0,2,12.5,7,3,Regular Customers
CUST581,260.0,2,0.0,6,2,Low Engagement Customers
CUST582,900.0,1,0.0,3,2,Low Engagement Customers
CUST583,3100.0,2,0.0,7,3,Regular Customers
CUST584,150.0,1,25.0,4,0,Discount Hunters
CUST585,1145.0,2,10.0,3,0,Discount Hunters
CUST586,409.0,2,19.0,4,0,Discount Hunters
CUST587,3200.0,2,0.0,8,3,Regular Customers
CUST588,360.0,2,0.0,4,2,Low Engagement Customers
CUST589,2234.0,3,7.333333333333333,5,3,Regular Customers
CUST590,2400.0,2,0.0,6,3,Regular Customers
CUST591,100.0,1,0.0,4,2,Low Engagement Customers
CUST592,3012.5,3,8.333333333333334,8,3,Regular Customers
CUST593,1245.0,3,16.666666666666668,7,0,Discount Hunters
CUST594,450.0,1,25.0,2,0,Discount Hunters
CUST595,2500.0,2,0.0,5,3,Regular Customers
CUST596,300.0,1,0.0,1,2,Low Engagement Customers
CUST597,1520.0,2,10.0,6,0,Discount Hunters
CUST598,120.0,1,0.0,4,2,Low Engagement Customers
CUST599,500.0,2,0.0,4,2,Low Engagement Customers
CUST600,3500.0,3,0.0,7,3,Regular Customers
CUST601,655.0,4,6.25,5,3,Regular Customers
CUST602,325.0,2,12.5,2,0,Discount Hunters
CUST603,1090.0,2,0.0,4,2,Low Engagement Customers
CUST604,2100.0,3,6.666666666666667,11,3,Regular Customers
CUST605,1120.0,2,0.0,6,2,Low Engagement Customers
CUST606,350.0,2,12.5,3,0,Discount Hunters
CUST607,475.0,2,0.0,5,2,Low Engagement Customers
CUST608,2164.0,3,6.0,6,3,Regular Customers
CUST609,346.0,2,9.0,5,0,Discount Hunters
CUST610,3450.0,2,12.5,5,0,Discount Hunters
CUST611,1500.0,1,0.0,3,2,Low Engagement Customers
CUST612,375.0,1,25.0,1,0,Discount Hunters
CUST613,1590.0,3,0.0,10,3,Regular Customers
CUST614,2775.0,2,12.5,7,0,Discount Hunters
CUST615,437.5,2,12.5,7,0,Discount Hunters
CUST616,100.0,1,0.0,2,2,Low Engagement Customers
CUST617,1530.0,2,0.0,4,2,Low Engagement Customers
CUST618,2147.5,2,2.5,4,2,Low Engagement Customers
CUST619,100.0,1,0.0,4,2,Low Engagement Customers
CUST620,56.25,1,25.0,3,0,Discount Hunters
CUST621,1200.0,2,0.0,4,2,Low Engagement Customers
CUST622,75.0,1,0.0,3,2,Low Engagement Customers
CUST623,3242.0,3,7.333333333333333,7,3,Regular Customers
CUST624,2048.0,2,9.0,5,0,Discount Hunters
CUST625,300.0,1,0.0,1,2,Low Engagement Customers
CUST626,4100.0,3,0.0,9,1,Premium Customers
CUST627,1700.0,3,0.0,7,3,Regular Customers
CUST628,200.0,1,0.0,4,2,Low Engagement Customers
CUST629,50.0,1,0.0,2,2,Low Engagement Customers
CUST630,5125.0,4,12.5,9,1,Premium Customers
CUST631,3810.0,5,14.0,12,1,Premium Customers
CUST632,700.0,2,0.0,6,2,Low Engagement Customers
CUST633,220.0,2,0.0,5,2,Low Engagement Customers
CUST634,3600.0,3,0.0,10,1,Premium Customers
CUST635,1600.0,3,0.0,9,3,Regular Customers
CUST636,1500.0,2,5.0,6,3,Regular Customers
CUST637,480.0,1,20.0,2,0,Discount Hunters
CUST638,3960.0,3,6.0,5,3,Regular Customers
CUST639,1100.0,2,0.0,7,3,Regular Customers
CUST640,760.0,4,0.0,9,3,Regular Customers
CUST641,900.0,2,0.0,3,2,Low Engagement Customers
CUST642,1075.0,2,12.5,6,0,Discount Hunters
CUST643,490.0,2,0.0,7,2,Low Engagement Customers
CUST644,375.0,2,0.0,4,2,Low Engagement Customers
CUST645,1540.0,5,0.0,13,1,Premium Customers
CUST646,90.0,1,0.0,3,2,Low Engagement Customers
CUST647,1500.0,1,0.0,3,2,Low Engagement Customers
CUST648,1400.0,2,0.0,6,2,Low Engagement Customers
CUST649,3675.0,3,16.666666666666668,8,3,Regular Customers
CUST650,30.0,1,0.0,1,2,Low Engagement Customers
CUST651,4150.0,2,0.0,7,3,Regular Customers
CUST652,4100.0,2,0.0,6,3,Regular Customers
CUST653,475.0,2,0.0,7,2,Low Engagement Customers
CUST654,6275.0,5,0.0,13,1,Premium Customers
CUST655,4140.0,3,6.0,7,3,Regular Customers
CUST656,272.0,2,10.0,4,0,Discount Hunters
CUST657,1025.0,3,0.0,4,3,Regular Customers
CUST658,2818.75,2,12.5,5,0,Discount Hunters
CUST659,30.0,1,0.0,1,2,Low Engagement Customers
CUST660,3100.0,2,0.0,5,3,Regular Customers
CUST661,2100.0,2,0.0,6,3,Regular Customers
CUST662,2980.0,3,14.333333333333334,6,3,Regular Customers
CUST663,1200.0,1,0.0,4,2,Low Engagement Customers
CUST664,2492.0,2,9.0,6,3,Regular Customers
CUST665,50.0,1,0.0,1,2,Low Engagement Customers
CUST666,1850.0,4,0.0,10,3,Regular Customers
CUST667,1400.0,2,0.0,4,2,Low Engagement Customers
CUST668,1837.5,4,12.5,8,3,Regular Customers
CUST669,1250.0,2,0.0,5,2,Low Engagement Customers
CUST670,22.5,1,25.0,1,0,Discount Hunters
CUST671,220.0,2,10.0,4,0,Discount Hunters
CUST672,3385.0,3,5.0,6,3,Regular Customers
CUST673,3225.0,2,25.0,7,0,Discount Hunters
CUST674,4317.0,3,15.666666666666666,6,3,Regular Customers
CUST675,960.0,2,0.0,5,2,Low Engagement Customers
CUST676,1500.0,1,0.0,3,2,Low Engagement Customers
CUST677,4325.0,3,8.333333333333334,7,3,Regular Customers
CUST678,1425.0,2,12.5,4,0,Discount Hunters
CUST679,140.0,2,0.0,4,2,Low Engagement Customers
CUST680,2125.0,4,6.25,11,3,Regular Customers
CUST681,298.0,3,13.333333333333334,5,0,Discount Hunters
CUST682,1241.0,2,9.0,5,0,Discount Hunters
CUST683,1675.0,3,8.333333333333334,6,3,Regular Customers
CUST684,1150.0,2,0.0,3,2,Low Engagement Customers
CUST685,1537.5,2,12.5,5,0,Discount Hunters
CUST686,2000.0,3,0.0,10,3,Regular Customers
CUST687,300.0,1,0.0,1,2,Low Engagement Customers
CUST688,640.0,4,10.0,10,3,Regular Customers
CUST689,5067.0,5,8.6,12,1,Premium Customers
CUST690,1420.0,2,10.0,4,0,Discount Hunters
CUST691,90.0,1,0.0,3,2,Low Engagement Customers
CUST692,802.0,2,11.0,5,0,Discount Hunters
CUST693,1500.0,1,0.0,3,2,Low Engagement Customers
CUST694,50.0,1,0.0,2,2,Low Engagement Customers
CUST695,550.0,2,0.0,5,2,Low Engagement Customers
CUST696,3260.0,3,6.666666666666667,9,3,Regular Customers
CUST697,1040.0,3,0.0,7,3,Regular Customers
CUST698,464.0,2,9.0,2,0,Discount Hunters
CUST699,120.0,1,0.0,4,2,Low Engagement Customers
CUST700,3900.0,3,0.0,7,3,Regular Customers
CUST701,45.0,1,25.0,2,0,Discount Hunters
CUST702,1600.0,4,0.0,6,3,Regular Customers
CUST703,3500.0,3,0.0,8,3,Regular Customers
CUST704,590.5,3,14.333333333333334,10,3,Regular Customers
CUST705,50.0,1,0.0,2,2,Low Engagement Customers
CUST706,3822.0,3,6.0,11,1,Premium Customers
CUST707,1900.0,4,6.25,8,3,Regular Customers
CUST708,2120.0,2,10.0,5,0,Discount Hunters
CUST709,1150.0,2,0.0,5,2,Low Engagement Customers
CUST710,1500.0,1,0.0,3,2,Low Engagement Customers
CUST711,2200.0,3,0.0,5,3,Regular Customers
CUST712,301.5,3,14.333333333333334,7,0,Discount Hunters
CUST713,150.0,2,10.0,6,0,Discount Hunters
CUST714,500.0,1,0.0,1,2,Low Engagement Customers
CUST715,100.0,1,0.0,4,2,Low Engagement Customers
CUST716,5140.0,3,15.0,11,1,Premium Customers
CUST717,5175.0,3,8.333333333333334,9,1,Premium Customers
CUST718,925.0,3,0.0,8,3,Regular Customers
CUST719,1060.0,3,0.0,9,3,Regular Customers
CUST720,2475.0,4,11.25,12,1,Premium Customers
CUST721,2840.0,3,6.666666666666667,7,3,Regular Customers
CUST722,6450.0,4,0.0,10,1,Premium Customers
CUST723,2280.0,2,5.0,7,3,Regular Customers
CUST724,2112.5,2,12.5,5,0,Discount Hunters
CUST725,600.0,2,0.0,4,2,Low Engagement Customers
CUST726,4200.0,3,0.0,12,1,Premium Customers
CUST727,675.0,1,25.0,3,0,Discount Hunters
CUST728,180.0,2,0.0,4,2,Low Engagement Customers
CUST729,2436.0,3,7.333333333333333,11,3,Regular Customers
CUST730,50.0,1,0.0,2,2,Low Engagement Customers
CUST731,5992.0,4,4.5,11,1,Premium Customers
CUST732,950.0,1,5.0,2,2,Low Engagement Customers
CUST733,1730.0,4,0.0,5,3,Regular Customers
CUST734,30.0,1,0.0,1,2,Low Engagement Customers
CUST735,2000.0,1,0.0,4,2,Low Engagement Customers
CUST736,4100.0,2,0.0,8,3,Regular Customers
CUST737,290.0,2,10.0,3,0,Discount Hunters
CUST738,100.0,1,0.0,2,2,Low Engagement Customers
CUST739,625.0,2,0.0,4,2,Low Engagement Customers
CUST740,200.0,1,0.0,4,2,Low Engagement Customers
CUST741,400.0,2,0.0,2,2,Low Engagement Customers
CUST742,2300.0,2,0.0,5,3,Regular Customers
CUST743,2000.0,1,0.0,4,2,Low Engagement Customers
CUST744,259.0,2,11.0,4,0,Discount Hunters
CUST745,1685.0,4,3.75,8,3,Regular Customers
CUST746,67.5,1,25.0,3,0,Discount Hunters
CUST747,507.0,2,15.0,5,0,Discount Hunters
CUST748,262.5,2,12.5,4,0,Discount Hunters
CUST749,2580.0,4,6.25,8,3,Regular Customers
CUST750,275.0,2,0.0,4,2,Low Engagement Customers
CUST751,206.0,2,11.0,6,0,Discount Hunters
CUST752,180.0,2,10.0,3,0,Discount Hunters
CUST753,30.0,1,0.0,1,2,Low Engagement Customers
CUST754,4300.0,3,0.0,10,1,Premium Customers
CUST755,275.0,2,0.0,4,2,Low Engagement Customers
CUST756,2245.0,3,8.333333333333334,8,3,Regular Customers
CUST757,1700.0,3,6.0,8,3,Regular Customers
CUST758,3200.0,4,0.0,13,1,Premium Customers
CUST759,550.0,2,12.5,6,0,Discount Hunters
CUST760,650.0,2,0.0,2,2,Low Engagement Customers
CUST761,1150.0,3,0.0,5,3,Regular Customers
CUST762,4950.0,5,4.0,15,1,Premium Customers
CUST763,3330.0,2,9.0,6,3,Regular Customers
CUST764,25.0,1,0.0,1,2,Low Engagement Customers
CUST765,550.0,3,0.0,6,3,Regular Customers
CUST766,900.0,1,0.0,3,2,Low Engagement Customers
CUST767,1460.0,2,10.0,5,0,Discount Hunters
CUST768,4075.0,2,0.0,7,3,Regular Customers
CUST769,1860.0,3,6.666666666666667,9,3,Regular Customers
CUST770,2400.0,4,0.0,9,3,Regular Customers
CUST771,3750.0,3,0.0,6,3,Regular Customers
CUST772,30.0,1,0.0,1,2,Low Engagement Customers
CUST773,2278.0,3,7.333333333333333,9,3,Regular Customers
CUST774,870.0,2,9.0,4,0,Discount Hunters
CUST775,700.0,2,0.0,7,2,Low Engagement Customers
CUST776,90.0,1,0.0,3,2,Low Engagement Customers
CUST777,1500.0,4,0.0,10,3,Regular Customers
CUST778,1000.0,2,0.0,7,3,Regular Customers
CUST779,2950.0,3,8.333333333333334,6,3,Regular Customers
CUST780,37.5,1,25.0,2,0,Discount Hunters
CUST781,1900.0,2,0.0,3,2,Low Engagement Customers
CUST782,5638.0,3,6.0,10,1,Premium Customers
CUST783,285.0,2,12.5,3,0,Discount Hunters
CUST784,1202.0,2,11.0,4,0,Discount Hunters
CUST785,190.0,1,5.0,4,2,Low Engagement Customers
CUST786,1095.0,3,15.0,9,3,Regular Customers
CUST787,325.0,2,0.0,4,2,Low Engagement Customers
CUST788,1265.0,2,7.5,4,0,Discount Hunters
CUST789,5675.0,4,6.25,12,1,Premium Customers
CUST790,4025.0,2,0.0,5,3,Regular Customers
CUST791,146.75,2,11.5,4,0,Discount Hunters
CUST792,50.0,1,0.0,1,2,Low Engagement Customers
CUST793,1430.0,2,0.0,3,2,Low Engagement Customers
CUST794,360.0,2,0.0,3,2,Low Engagement Customers
CUST795,1200.0,2,12.5,5,0,Discount Hunters
CUST796,120.0,1,0.0,4,2,Low Engagement Customers
CUST797,535.75,3,11.666666666666666,10,3,Regular Customers
CUST798,50.0,1,0.0,1,2,Low Engagement Customers
CUST799,600.0,2,0.0,3,2,Low Engagement Customers
CUST800,4200.0,2,0.0,7,3,Regular Customers
CUST801,790.0,2,2.5,8,3,Regular Customers
CUST802,432.5,2,21.5,2,0,Discount Hunters
CUST803,250.0,2,0.0,7,2,Low Engagement Customers
CUST804,578.5,3,15.666666666666666,7,0,Discount Hunters
CUST805,3060.0,3,0.0,8,3,Regular Customers
CUST806,1545.0,3,16.666666666666668,9,0,Discount Hunters
CUST807,450.0,2,12.5,6,0,Discount Hunters
CUST808,2000.0,1,0.0,4,2,Low Engagement Customers
CUST809,100.0,1,0.0,2,2,Low Engagement Customers
CUST810,1600.0,2,0.0,7,3,Regular Customers
CUST811,50.0,1,0.0,2,2,Low Engagement Customers
CUST812,4099.6,3,6.0,8,1,Premium Customers
CUST813,762.5,3,8.333333333333334,6,3,Regular Customers
CUST814,580.0,2,10.0,2,0,Discount Hunters
CUST815,575.0,2,0.0,4,2,Low Engagement Customers
CUST816,2060.0,3,0.0,5,3,Regular Customers
CUST817,4575.0,3,8.333333333333334,9,1,Premium Customers
CUST818,550.0,2,0.0,2,2,Low Engagement Customers
CUST819,100.0,1,0.0,2,2,Low Engagement Customers
CUST820,800.0,2,0.0,6,2,Low Engagement Customers
CUST821,300.0,1,0.0,1,2,Low Engagement Customers
CUST822,112.5,1,25.0,3,0,Discount Hunters
CUST823,100.0,1,0.0,2,2,Low Engagement Customers
CUST824,320.0,2,0.0,6,2,Low Engagement Customers
CUST825,25.0,1,0.0,1,2,Low Engagement Customers
CUST826,1056.0,3,7.333333333333333,7,3,Regular Customers
CUST827,4720.0,2,10.0,7,3,Regular Customers
CUST828,1200.0,1,0.0,4,2,Low Engagement Customers
CUST829,672.0,2,10.0,7,0,Discount Hunters
CUST830,4150.0,2,0.0,7,3,Regular Customers
CUST831,250.0,2,0.0,5,2,Low Engagement Customers
CUST832,2000.0,1,0.0,4,2,Low Engagement Customers
CUST833,1250.0,3,8.333333333333334,11,3,Regular Customers
CUST834,590.0,3,0.0,4,2,Low Engagement Customers
CUST835,1280.0,3,3.3333333333333335,11,3,Regular Customers
CUST836,1925.0,3,8.333333333333334,8,3,Regular Customers
CUST837,390.0,2,0.0,6,2,Low Engagement Customers
CUST838,600.0,1,0.0,2,2,Low Engagement Customers
CUST839,3400.0,4,0.0,8,1,Premium Customers
CUST840,140.0,2,0.0,5,2,Low Engagement Customers
CUST841,90.0,1,10.0,4,0,Discount Hunters
CUST842,969.0,2,9.0,5,0,Discount Hunters
CUST843,3900.0,2,10.0,6,3,Regular Customers
CUST844,150.0,1,0.0,3,2,Low Engagement Customers
CUST845,3846.0,4,10.75,9,1,Premium Customers
CUST846,337.5,3,8.333333333333334,5,0,Discount Hunters
CUST847,4200.0,3,0.0,12,1,Premium Customers
CUST848,1085.0,4,9.5,7,3,Regular Customers
CUST849,1450.0,2,0.0,4,2,Low Engagement Customers
CUST850,4000.0,4,5.0,7,1,Premium Customers
CUST851,747.5,3,1.6666666666666667,7,3,Regular Customers
CUST852,240.0,1,20.0,1,0,Discount Hunters
CUST853,1030.0,2,0.0,3,2,Low Engagement Customers
CUST854,260.0,3,0.0,6,3,Regular Customers
CUST855,25.0,1,0.0,1,2,Low Engagement Customers
CUST856,820.0,3,0.0,7,3,Regular Customers
CUST857,1165.0,3,15.0,6,0,Discount Hunters
CUST858,3114.0,3,15.666666666666666,6,3,Regular Customers
CUST859,1500.0,1,0.0,3,2,Low Engagement Customers
CUST860,3150.0,2,12.5,7,3,Regular Customers
CUST861,667.5,2,12.5,7,0,Discount Hunters
CUST862,1250.0,2,0.0,5,2,Low Engagement Customers
CUST863,200.0,2,0.0,5,2,Low Engagement Customers
CUST864,3200.0,3,6.666666666666667,9,3,Regular Customers
CUST865,1920.0,4,5.0,8,3,Regular Customers
CUST866,1630.0,4,5.0,8,3,Regular Customers
CUST867,500.0,1,0.0,1,2,Low Engagement Customers
CUST868,1150.0,3,0.0,8,3,Regular Customers
CUST869,3000.0,2,12.5,5,0,Discount Hunters
CUST870,2120.0,2,0.0,8,3,Regular Customers
CUST871,3610.0,4,0.0,9,1,Premium Customers
CUST872,75.0,1,0.0,3,2,Low Engagement Customers
CUST873,200.0,2,0.0,5,2,Low Engagement Customers
CUST874,1227.0,2,5.0,5,2,Low Engagement Customers
CUST875,5300.0,3,0.0,9,1,Premium Customers
CUST876,1380.0,3,0.0,10,3,Regular Customers
CUST877,25.0,1,0.0,1,2,Low Engagement Customers
CUST878,28.5,1,5.0,1,2,Low Engagement Customers
CUST879,622.5,2,12.5,3,0,Discount Hunters
CUST880,1000.0,1,0.0,2,2,Low Engagement Customers
CUST881,1500.0,3,0.0,5,3,Regular Customers
CUST882,150.0,2,0.0,4,2,Low Engagement Customers
CUST883,2500.0,2,0.0,3,2,Low Engagement Customers
CUST884,51.0,1,15.0,2,0,Discount Hunters
CUST885,120.0,1,0.0,4,2,Low Engagement Customers
CUST886,900.0,1,0.0,3,2,Low Engagement Customers
CUST887,900.0,3,0.0,6,3,Regular Customers
CUST888,1100.0,2,0.0,6,2,Low Engagement Customers
CUST889,760.0,4,0.0,8,3,Regular Customers
CUST890,2157.5,3,8.333333333333334,10,3,Regular Customers
CUST891,1575.0,3,8.333333333333334,7,3,Regular Customers
CUST892,650.0,2,0.0,5,2,Low Engagement Customers
CUST893,50.0,1,0.0,1,2,Low Engagement Customers
CUST894,1280.0,4,0.0,8,3,Regular Customers
CUST895,2520.0,3,0.0,8,3,Regular Customers
CUST896,1250.0,2,0.0,6,2,Low Engagement Customers
CUST897,600.0,2,0.0,3,2,Low Engagement Customers
CUST898,540.0,2,12.5,7,0,Discount Hunters
CUST899,900.0,2,0.0,4,2,Low Engagement Customers
CUST900,860.0,3,0.0,6,3,Regular Customers
CUST901,930.0,2,0.0,4,2,Low Engagement Customers
CUST902,5250.0,3,0.0,9,1,Premium Customers
CUST903,3000.0,2,0.0,8,3,Regular Customers
CUST904,609.0,2,23.5,4,0,Discount Hunters
CUST905,825.0,2,12.5,3,0,Discount Hunters
CUST906,197.5,3,8.333333333333334,4,0,Discount Hunters
CUST907,3025.0,2,0.0,4,3,Regular Customers
CUST908,1668.0,2,11.0,6,0,Discount Hunters
CUST909,3700.0,3,0.0,7,3,Regular Customers
CUST910,1370.0,3,15.0,11,3,Regular Customers
CUST911,855.0,1,5.0,3,2,Low Engagement Customers
CUST912,250.0,2,0.0,5,2,Low Engagement Customers
CUST913,67.5,1,25.0,3,0,Discount Hunters
CUST914,500.0,1,0.0,1,2,Low Engagement Customers
CUST915,3090.0,3,8.333333333333334,10,3,Regular Customers
CUST916,473.0,3,6.0,4,3,Regular Customers
CUST917,500.0,2,0.0,7,2,Low Engagement Customers
CUST918,5090.0,3,0.0,8,1,Premium Customers
CUST919,250.0,2,0.0,3,2,Low Engagement Customers
CUST920,206.25,2,12.5,6,0,Discount Hunters
CUST921,75.0,1,0.0,3,2,Low Engagement Customers
CUST922,425.0,2,12.5,2,0,Discount Hunters
CUST923,2420.0,4,0.0,11,1,Premium Customers
CUST924,4075.0,2,12.5,6,3,Regular Customers
CUST925,1260.0,2,10.0,5,0,Discount Hunters
CUST926,1605.0,4,6.25,8,3,Regular Customers
CUST927,2428.0,3,6.0,10,3,Regular Customers
CUST928,1200.0,1,0.0,4,2,Low Engagement Customers
CUST929,2551.0,5,8.4,11,1,Premium Customers
CUST930,1200.0,3,0.0,10,3,Regular Customers
CUST931,114.0,1,5.0,4,2,Low Engagement Customers
CUST932,90.0,1,10.0,4,0,Discount Hunters
CUST933,6030.0,3,0.0,7,1,Premium Customers
CUST934,2500.0,2,0.0,5,3,Regular Customers
CUST935,3105.0,3,3.3333333333333335,6,3,Regular Customers
CUST936,200.0,1,0.0,4,2,Low Engagement Customers
CUST937,840.0,3,6.666666666666667,3,0,Discount Hunters
CUST938,1100.0,2,0.0,7,3,Regular Customers
CUST939,530.0,3,6.666666666666667,6,3,Regular Customers
CUST940,3230.0,4,0.0,6,3,Regular Customers
CUST941,2545.0,3,3.3333333333333335,6,3,Regular Customers
CUST942,1500.0,1,0.0,3,2,Low Engagement Customers
CUST943,3356.0,3,7.333333333333333,10,3,Regular Customers
CUST944,37.5,1,25.0,2,0,Discount Hunters
CUST945,1225.0,2,0.0,5,2,Low Engagement Customers
CUST946,6000.0,2,0.0,8,1,Premium Customers
CUST947,1800.0,2,0.0,4,2,Low Engagement Customers
CUST948,75.0,1,0.0,3,2,Low Engagement Customers
CUST949,3298.6,5,12.0,11,1,Premium Customers
CUST950,1300.0,2,0.0,7,3,Regular Customers
CUST951,250.0,2,0.0,5,2,Low Engagement Customers
CUST952,25.0,1,0.0,1,2,Low Engagement Customers
CUST953,3288.0,4,5.5,11,1,Premium Customers
CUST954,2960.0,3,12.666666666666666,10,3,Regular Customers
CUST955,3123.75,3,1.6666666666666667,8,3,Regular Customers
CUST956,2500.0,3,0.0,7,3,Regular Customers
CUST957,2120.0,2,0.0,6,3,Regular Customers
CUST958,50.0,1,0.0,2,2,Low Engagement Customers
CUST959,3090.0,3,0.0,6,3,Regular Customers
CUST960,60.0,1,0.0,2,2,Low Engagement Customers
CUST961,3020.0,3,6.0,10,3,Regular Customers
CUST962,4360.0,4,0.0,13,1,Premium Customers
CUST963,500.0,2,0.0,4,2,Low Engagement Customers
CUST964,900.0,1,0.0,3,2,Low Engagement Customers
CUST965,2100.0,4,0.0,13,1,Premium Customers
CUST966,4890.0,4,5.0,12,1,Premium Customers
CUST967,18.75,1,25.0,1,0,Discount Hunters
CUST968,1800.0,3,0.0,8,3,Regular Customers
CUST969,720.0,1,20.0,3,0,Discount Hunters
CUST970,1600.0,1,20.0,4,0,Discount Hunters
CUST971,3470.0,2,11.5,8,3,Regular Customers
CUST972,1100.0,2,0.0,5,2,Low Engagement Customers
CUST973,170.0,2,0.0,5,2,Low Engagement Customers
CUST974,1430.0,2,0.0,3,2,Low Engagement Customers
CUST975,2450.0,4,6.25,10,3,Regular Customers
CUST976,1050.0,2,12.5,5,0,Discount Hunters
CUST977,1445.0,5,3.6,10,3,Regular Customers
CUST978,352.5,3,8.333333333333334,7,3,Regular Customers
CUST979,3025.0,2,0.0,4,3,Regular Customers
CUST980,605.0,3,0.0,5,3,Regular Customers
CUST981,1335.0,4,6.25,9,3,Regular Customers
CUST982,90.0,1,0.0,3,2,Low Engagement Customers
CUST983,2270.0,2,5.0,3,2,Low Engagement Customers
CUST984,1450.0,5,0.0,9,3,Regular Customers
CUST985,6390.0,6,3.6666666666666665,15,1,Premium Customers
CUST986,1000.0,1,0.0,2,2,Low Engagement Customers
CUST987,2470.0,5,0.0,12,1,Premium Customers
CUST988,1525.0,3,0.0,8,3,Regular Customers
CUST989,1418.75,2,12.5,3,0,Discount Hunters
CUST990,7260.0,5,5.0,13,1,Premium Customers
CUST991,400.0,2,0.0,3,2,Low Engagement Customers
CUST992,260.0,2,0.0,4,2,Low Engagement Customers
CUST993,4250.0,3,0.0,8,1,Premium Customers
CUST994,2200.0,2,0.0,6,3,Regular Customers
CUST995,30.0,1,0.0,1,2,Low Engagement Customers
CUST996,50.0,1,0.0,1,2,Low Engagement Customers
CUST997,627.5,2,22.5,4,0,Discount Hunters
CUST998,75.0,1,25.0,4,0,Discount Hunters
CUST999,1390.0,3,6.666666666666667,7,3,Regular Customers
